image_name,label
0.jpg,4
1.jpg,4
10.jpg,5
100.jpg,5
101.jpg,1
102.jpg,1
103.jpg,2
104.jpg,5
105.jpg,5
106.jpg,1
107.jpg,0
108.jpg,1
109.jpg,4
11.jpg,5
110.jpg,3
111.jpg,1
112.jpg,2
113.jpg,5
114.jpg,2
115.jpg,0
116.jpg,4
117.jpg,3
118.jpg,5
119.jpg,1
12.jpg,3
120.jpg,3
121.jpg,3
122.jpg,1
123.jpg,2
124.jpg,5
125.jpg,3
126.jpg,5
127.jpg,5
128.jpg,5
129.jpg,5
13.jpg,4
130.jpg,2
131.jpg,5
132.jpg,4
133.jpg,5
134.jpg,2
135.jpg,3
136.jpg,5
137.jpg,2
138.jpg,5
139.jpg,1
14.jpg,4
140.jpg,4
141.jpg,2
142.jpg,0
143.jpg,4
144.jpg,1
145.jpg,5
146.jpg,1
147.jpg,3
148.jpg,3
149.jpg,4
15.jpg,0
150.jpg,2
151.jpg,5
152.jpg,4
153.jpg,0
154.jpg,3
155.jpg,1
156.jpg,2
157.jpg,1
158.jpg,5
159.jpg,3
16.jpg,5
160.jpg,0
161.jpg,5
162.jpg,1
163.jpg,5
164.jpg,0
165.jpg,5
166.jpg,1
167.jpg,2
168.jpg,1
169.jpg,1
17.jpg,3
170.jpg,0
171.jpg,5
172.jpg,5
173.jpg,2
174.jpg,2
175.jpg,2
176.jpg,3
177.jpg,4
178.jpg,4
179.jpg,1
18.jpg,2
180.jpg,1
181.jpg,2
182.jpg,1
183.jpg,5
184.jpg,2
185.jpg,5
186.jpg,1
187.jpg,3
188.jpg,4
189.jpg,4
19.jpg,3
190.jpg,5
191.jpg,2
192.jpg,3
193.jpg,5
194.jpg,4
195.jpg,0
196.jpg,4
197.jpg,3
198.jpg,3
199.jpg,0
2.jpg,1
20.jpg,4
200.jpg,1
201.jpg,3
202.jpg,3
203.jpg,2
204.jpg,3
205.jpg,1
206.jpg,4
207.jpg,2
208.jpg,5
209.jpg,1
21.jpg,3
210.jpg,3
211.jpg,0
212.jpg,2
213.jpg,3
214.jpg,3
215.jpg,2
216.jpg,1
217.jpg,1
218.jpg,1
219.jpg,3
22.jpg,5
220.jpg,3
221.jpg,3
222.jpg,1
223.jpg,4
224.jpg,1
225.jpg,3
226.jpg,2
227.jpg,2
228.jpg,2
229.jpg,0
23.jpg,4
230.jpg,5
231.jpg,2
232.jpg,4
233.jpg,2
234.jpg,3
235.jpg,3
236.jpg,3
237.jpg,1
238.jpg,5
239.jpg,3
24.jpg,2
240.jpg,5
241.jpg,2
242.jpg,3
243.jpg,1
244.jpg,0
245.jpg,0
246.jpg,4
247.jpg,1
248.jpg,1
249.jpg,1
25.jpg,4
250.jpg,4
251.jpg,0
252.jpg,1
253.jpg,5
254.jpg,4
255.jpg,0
256.jpg,4
257.jpg,4
258.jpg,4
259.jpg,3
26.jpg,3
260.jpg,4
261.jpg,3
262.jpg,3
263.jpg,4
264.jpg,4
265.jpg,3
266.jpg,3
267.jpg,1
268.jpg,0
269.jpg,5
27.jpg,2
270.jpg,4
271.jpg,5
272.jpg,5
273.jpg,1
274.jpg,2
275.jpg,4
276.jpg,2
277.jpg,5
278.jpg,1
279.jpg,5
28.jpg,1
280.jpg,3
281.jpg,1
282.jpg,5
283.jpg,4
284.jpg,0
285.jpg,5
286.jpg,3
287.jpg,3
288.jpg,2
289.jpg,2
29.jpg,4
290.jpg,0
291.jpg,2
292.jpg,1
293.jpg,5
294.jpg,2
295.jpg,2
296.jpg,1
297.jpg,3
298.jpg,5
299.jpg,5
3.jpg,1
30.jpg,2
300.jpg,2
301.jpg,4
302.jpg,1
303.jpg,1
304.jpg,1
305.jpg,1
306.jpg,4
307.jpg,2
308.jpg,0
309.jpg,1
31.jpg,4
310.jpg,0
311.jpg,4
312.jpg,1
313.jpg,3
314.jpg,5
315.jpg,5
316.jpg,3
317.jpg,3
318.jpg,3
319.jpg,5
32.jpg,0
320.jpg,3
321.jpg,0
322.jpg,3
323.jpg,4
324.jpg,3
325.jpg,3
326.jpg,2
327.jpg,1
328.jpg,3
329.jpg,3
33.jpg,0
330.jpg,1
331.jpg,3
332.jpg,0
333.jpg,1
334.jpg,2
335.jpg,0
336.jpg,1
337.jpg,3
338.jpg,3
339.jpg,1
34.jpg,5
340.jpg,1
341.jpg,4
342.jpg,4
343.jpg,2
344.jpg,5
345.jpg,3
346.jpg,3
347.jpg,2
348.jpg,3
349.jpg,3
35.jpg,0
350.jpg,1
351.jpg,1
352.jpg,3
353.jpg,2
354.jpg,2
355.jpg,1
356.jpg,1
357.jpg,0
358.jpg,1
359.jpg,5
36.jpg,1
360.jpg,2
361.jpg,5
362.jpg,3
363.jpg,5
364.jpg,3
365.jpg,3
366.jpg,3
367.jpg,5
368.jpg,2
369.jpg,0
37.jpg,0
370.jpg,5
371.jpg,0
372.jpg,3
373.jpg,5
374.jpg,0
375.jpg,2
376.jpg,3
377.jpg,3
378.jpg,1
379.jpg,2
38.jpg,4
380.jpg,1
381.jpg,2
382.jpg,3
383.jpg,0
384.jpg,0
385.jpg,3
386.jpg,0
387.jpg,5
388.jpg,1
389.jpg,5
39.jpg,3
390.jpg,1
391.jpg,4
392.jpg,3
393.jpg,0
394.jpg,3
395.jpg,1
396.jpg,4
397.jpg,1
398.jpg,2
399.jpg,1
4.jpg,0
40.jpg,1
400.jpg,3
401.jpg,2
402.jpg,2
403.jpg,5
404.jpg,2
405.jpg,5
406.jpg,2
407.jpg,5
408.jpg,0
409.jpg,3
41.jpg,5
410.jpg,1
411.jpg,2
412.jpg,5
413.jpg,4
414.jpg,4
415.jpg,1
416.jpg,2
417.jpg,3
418.jpg,2
419.jpg,5
42.jpg,2
420.jpg,2
421.jpg,1
422.jpg,1
423.jpg,1
424.jpg,0
425.jpg,1
426.jpg,4
427.jpg,4
428.jpg,1
429.jpg,5
43.jpg,3
430.jpg,0
431.jpg,0
432.jpg,2
433.jpg,1
434.jpg,4
435.jpg,5
436.jpg,2
437.jpg,4
438.jpg,3
439.jpg,0
44.jpg,1
440.jpg,2
441.jpg,1
442.jpg,3
443.jpg,0
444.jpg,2
445.jpg,1
446.jpg,4
447.jpg,1
448.jpg,5
449.jpg,1
45.jpg,0
450.jpg,0
451.jpg,1
452.jpg,0
453.jpg,2
454.jpg,1
455.jpg,1
456.jpg,0
457.jpg,1
458.jpg,1
459.jpg,2
46.jpg,4
460.jpg,4
461.jpg,0
462.jpg,4
463.jpg,0
464.jpg,1
465.jpg,4
466.jpg,1
467.jpg,0
468.jpg,2
469.jpg,1
47.jpg,1
470.jpg,1
471.jpg,4
472.jpg,1
473.jpg,0
474.jpg,0
475.jpg,5
476.jpg,3
477.jpg,3
478.jpg,5
479.jpg,5
48.jpg,2
480.jpg,2
481.jpg,0
482.jpg,3
483.jpg,4
484.jpg,1
485.jpg,2
486.jpg,2
487.jpg,5
488.jpg,1
489.jpg,4
49.jpg,1
490.jpg,1
491.jpg,1
492.jpg,1
493.jpg,5
494.jpg,0
495.jpg,2
496.jpg,1
497.jpg,3
498.jpg,1
499.jpg,5
5.jpg,1
50.jpg,3
500.jpg,2
501.jpg,5
502.jpg,4
503.jpg,0
504.jpg,1
505.jpg,4
506.jpg,2
507.jpg,1
508.jpg,0
509.jpg,5
51.jpg,1
510.jpg,2
511.jpg,1
512.jpg,4
513.jpg,0
514.jpg,2
515.jpg,2
516.jpg,5
517.jpg,4
518.jpg,3
519.jpg,2
52.jpg,3
520.jpg,5
521.jpg,3
522.jpg,2
523.jpg,5
524.jpg,2
525.jpg,1
526.jpg,2
527.jpg,2
528.jpg,4
529.jpg,3
53.jpg,5
530.jpg,1
531.jpg,2
532.jpg,1
533.jpg,0
534.jpg,2
535.jpg,3
536.jpg,5
537.jpg,1
538.jpg,1
539.jpg,1
54.jpg,3
540.jpg,3
541.jpg,4
542.jpg,3
543.jpg,3
544.jpg,5
545.jpg,5
546.jpg,0
547.jpg,3
548.jpg,1
549.jpg,0
55.jpg,5
550.jpg,4
551.jpg,1
552.jpg,4
553.jpg,5
554.jpg,1
555.jpg,3
556.jpg,4
557.jpg,1
558.jpg,5
559.jpg,5
56.jpg,5
560.jpg,5
561.jpg,5
562.jpg,0
563.jpg,4
564.jpg,2
565.jpg,1
566.jpg,1
567.jpg,4
568.jpg,4
569.jpg,1
57.jpg,5
570.jpg,5
571.jpg,5
572.jpg,5
573.jpg,1
574.jpg,2
575.jpg,5
576.jpg,2
577.jpg,4
578.jpg,5
579.jpg,2
58.jpg,5
580.jpg,0
581.jpg,5
582.jpg,3
583.jpg,2
584.jpg,5
585.jpg,0
586.jpg,2
587.jpg,5
588.jpg,1
589.jpg,1
59.jpg,2
590.jpg,4
591.jpg,0
592.jpg,5
593.jpg,4
594.jpg,1
595.jpg,3
596.jpg,0
597.jpg,3
598.jpg,0
599.jpg,4
6.jpg,3
60.jpg,2
600.jpg,5
601.jpg,5
602.jpg,5
603.jpg,4
604.jpg,3
605.jpg,2
606.jpg,5
607.jpg,5
608.jpg,1
609.jpg,1
61.jpg,5
610.jpg,1
611.jpg,4
612.jpg,1
613.jpg,5
614.jpg,5
615.jpg,2
616.jpg,4
617.jpg,3
618.jpg,0
619.jpg,5
62.jpg,5
620.jpg,5
621.jpg,0
622.jpg,4
623.jpg,2
624.jpg,4
625.jpg,3
626.jpg,5
627.jpg,2
628.jpg,0
629.jpg,1
63.jpg,3
630.jpg,3
631.jpg,1
632.jpg,3
633.jpg,3
634.jpg,1
635.jpg,3
636.jpg,1
637.jpg,2
638.jpg,4
639.jpg,1
64.jpg,1
640.jpg,2
641.jpg,4
642.jpg,4
643.jpg,2
644.jpg,5
645.jpg,4
646.jpg,2
647.jpg,3
648.jpg,2
649.jpg,1
65.jpg,5
650.jpg,1
651.jpg,4
652.jpg,5
653.jpg,0
654.jpg,4
655.jpg,1
656.jpg,1
657.jpg,1
658.jpg,1
659.jpg,0
66.jpg,0
660.jpg,1
661.jpg,3
662.jpg,3
663.jpg,3
664.jpg,4
665.jpg,5
666.jpg,1
667.jpg,1
668.jpg,0
669.jpg,0
67.jpg,0
670.jpg,0
671.jpg,5
672.jpg,1
673.jpg,1
674.jpg,2
675.jpg,1
676.jpg,2
677.jpg,1
678.jpg,1
679.jpg,4
68.jpg,5
680.jpg,2
681.jpg,4
682.jpg,2
683.jpg,1
684.jpg,5
685.jpg,5
686.jpg,1
687.jpg,5
69.jpg,5
7.jpg,4
70.jpg,5
71.jpg,4
72.jpg,5
73.jpg,1
74.jpg,2
75.jpg,5
76.jpg,4
77.jpg,4
78.jpg,3
79.jpg,5
8.jpg,5
80.jpg,2
81.jpg,1
82.jpg,0
83.jpg,3
84.jpg,2
85.jpg,4
86.jpg,2
87.jpg,2
88.jpg,2
89.jpg,2
9.jpg,5
90.jpg,3
91.jpg,1
92.jpg,5
93.jpg,1
94.jpg,1
95.jpg,2
96.jpg,4
97.jpg,2
98.jpg,0
99.jpg,1
